agriculture,electricity,fugitive,industrial,lulucf,stationary,transport,waste
2.2825,0.0142857142857143,1.17392857142857,0.00285714285714286,0.51,0.0528571428571429,0.0114285714285714,0.472857142857143